[
  {
    "id": 41754227,
    "id_str": "41754227",
    "name": "Scott Guthrie",
    "screen_name": "scottgu",
    "location": "Redmond, WA",
    "description": "I live in Seattle and build a few products for Microsoft",
    "url": "http://t.co/rkquDCVhAW",
    "entities": {
      "url": {
        "urls": [
          {
            "url": "http://t.co/rkquDCVhAW",
            "expanded_url": "http://weblogs.asp.net/scottgu",
            "display_url": "weblogs.asp.net/scottgu",
            "indices": [
              0,
              22
            ]
          }
        ]
      },
      "description": {
        "urls": []
      }
    },
    "protected": false,
    "followers_count": 90008,
    "friends_count": 114,
    "listed_count": 4976,
    "created_at": "Fri May 22 04:39:35 +0000 2009",
    "favourites_count": 44,
    "utc_offset": -28800,
    "time_zone": "Pacific Time (US & Canada)",
    "geo_enabled": false,
    "verified": true,
    "statuses_count": 4271,
    "lang": "en",
    "status": {
      "created_at": "Wed Nov 27 07:40:31 +0000 2013",
      "id": 405602018879737856,
      "id_str": "405602018879737856",
      "text": "I'm doing talks in Dublin and London next week.  Details on how to attend: http://t.co/KPYCmGNYIy",
      "source": "web",
      "truncated": false,
      "in_reply_to_status_id": null,
      "in_reply_to_status_id_str": null,
      "in_reply_to_user_id": null,
      "in_reply_to_user_id_str": null,
      "in_reply_to_screen_name": null,
      "geo": null,
      "coordinates": null,
      "place": null,
      "contributors": null,
      "retweet_count": 18,
      "favorite_count": 6,
      "entities": {
        "hashtags": [],
        "symbols": [],
        "urls": [
          {
            "url": "http://t.co/KPYCmGNYIy",
            "expanded_url": "http://weblogs.asp.net/scottgu/archive/2013/11/26/presentations-i-m-doing-in-dublin-and-london-dec-2nd-gt-5th.aspx",
            "display_url": "weblogs.asp.net/scottgu/archiv…",
            "indices": [
              75,
              97
            ]
          }
        ],
        "user_mentions": []
      },
      "favorited": false,
      "retweeted": false,
      "possibly_sensitive": false,
      "lang": "en"
    },
    "contributors_enabled": false,
    "is_translator": false,
    "profile_background_color": "C0DEED",
    "profile_background_image_url": "http://abs.twimg.com/images/themes/theme1/bg.png",
    "profile_background_image_url_https": "https://abs.twimg.com/images/themes/theme1/bg.png",
    "profile_background_tile": false,
    "profile_image_url": "http://pbs.twimg.com/profile_images/565139568/redshirt_normal.jpg",
    "profile_image_url_https": "https://pbs.twimg.com/profile_images/565139568/redshirt_normal.jpg",
    "profile_link_color": "0084B4",
    "profile_sidebar_border_color": "C0DEED",
    "profile_sidebar_fill_color": "DDEEF6",
    "profile_text_color": "333333",
    "profile_use_background_image": true,
    "default_profile": true,
    "default_profile_image": false,
    "following": null,
    "follow_request_sent": null,
    "notifications": null
  }
]
